video_id,comment_no,author_name,comment
1of1,1,Faizan Ahmed,"bhaiya if you are comfortable you can make videos on lexical environment, event loop, closures etc other than that the playlist is spot on."
1of1,2,Abhishek Singh,"Sir kuch projects with DOM manipulation is required to understand DOM manipulation nicely with application. Overall the Quality of the course is superb, Thank you for providing this amazing course Harry Bhai and that too for free."
1of1,3,tanmay bijalwan,Brother i am your big fan. i love the way you make things easy to understand. you are just a diamond. keep going brother.
1of1,4,Saroj k,"Harry bro, please make a play list in logical reasoning and data structures. Because no one is teaching ds part."
1of1,5,Sowmya Kondeti,Please add subtitles as well so that it will be useful for the people who don't understand Hindi. Thank you.
1of1,6,aman980gupta,"Hii harry bhai, I need to ask i3 12gen processor ke liye kon sa motherboard better rhega wifi compatibility ke sath. And i3 or i5 processor with gpu or without gpu."
1of1,7,Aakash Katiyar,Great course!!!
1of1,8,NAWAAB GAMER,hello harry Bhai please try to make a full tutorial of python for beginners in episode wise please !
1of1,9,dreamy girl,This Playlist is useful and helpful to understand the fundamentals of topics. Thanks Harry bhaiya.
1of1,10,Jatinder Mahajan,Bro cover complete developer tool tutorial and javascript with json in deep
1of1,11,Anshu Sharma,Apply bind call are also missing bro
1of1,12,hare Krishna,@CodeWithHarry sir javascript ki help se kya ham lib.so file ko dump kar sakte hai text format me?
1of1,13,Anshu Sharma,Closures currying generator function Sets and map bhi remaining hai
1of1,14,Harsh,"Api related bhi Esme add kijiye like how in a company api is made in a real time scenario,how many api in a day is made."
1of1,15,Anshu Sharma,Closures generator function
1of1,16,Saroj k,Please cover Data structures in javascript
1of1,17,Feed Street Dogs,"sir kuch projects karvaye jismei how to edit,delete,hide,show the data using javascript ache se explain ho.."
1of1,18,Only Code,Love it bro
1of1,19,Python with Chirag Tankan,Hay Harry bro I have build code with Harry website clone how can I send you
1of1,20,Sachin Yadav,please harry bhai project mien ek e-commerce bana dena boot jada clarity ho jayegi
2of1,1,Krishna Kowshik,"Everything's Perfect Mr.Navin Pls do videos on projects like this with My sql Db & with the frontend part with angular as well, that'll be helpful people like me with the angular & SpringBoot background "
2of1,2,sangram sangi,"Sir ,you don't know how much i get ur help by watching ur python videos,i m kindly thankful to you,you are really appreciable ""THE"" teacher FOR me because of your way of explaining problems solution ️️️️️️️️️️️️️️"
2of1,3,Andres Lobaton,I'm comming from Nest JS and is so similar. Thank you so much for this videos.
2of1,4,Adel Hatary,Could you please explain solid with Java and please make an example without math.
2of1,5,Obaid Abbasi,Can we use jsp backend with react front end?
2of1,6,Vaibhav Mane,One question i have related to spring boot and react is whenever we refresh url after deploy project to aws that gateway always redirect to base url I want to stay on same page only what we can do so redirecting to index html work ?
2of1,7,38_TE_PrashantKumar Jha,Respects and regards sir 
2of1,8,Anurag Deshmukh,"thankyou, its great project."
2of1,9,Ritik Verma,"Hi sir, i want to enroll in your full stack java developer course on iNeuron, but i have doubt regarding to this course that does this course have prerecorded lectures of all topics, because i i can't attend your class on given schedule."
2of1,10,nagesh rajarapu,you are amazing sir..........
2of1,11,Sabyasachi Sen,Love your videos
2of1,12,Heartless Wolf Vlog,Frontend connection was so confusing . Not getting please make a video on connection part
2of1,13,Rajiv Raghu,Where is the GitHub link of the project
2of1,14,Senya- Man,️
2of1,15,News Letter,"Nice video sir, but video quality is 360p only. Please give us the option of high quality..."
2of1,16,حامد نیکبخت,very good
2of1,17,Lasitha Dilshan Thilakarathna,Nice
2of1,18,Chita mAR'S,OMG 
2of1,19,Aakash,26:00
2of1,20,Tycoon Edits,First Like 
2of2,1,M  A  X,Sir ur amazingly explains every topic easily and explains every single point to point I just loved it 
2of2,2,Paulo Cabello Acha,"Excellent explanation! Thanks a lot, Mr. Telusko!"
2of2,3,Tycoon Edits,"In detailed explanation, always hitting the precise spots where we stuck in java."
2of2,4,Senya- Man,Loving the seriesplease keep on doing more videos on the Stream API.
2of2,5,Abhishek Umap,Excited to see the in-depth explanation in our course sir...see you there!
2of2,6,ruthvik ls,"The Best One Naveen, Thank you for finally letting me understand Stream API, Couldn't have asked for more!"
2of2,7,PRASAAD CHANDRASEKARAN,"Yes Sir, please update us with more number of similar videos......"
2of2,8,3dcubeify,"I really need this video, thanks for this topic sir "
2of2,9,Sai Teja,"Sir, are there any plans of launching pre recorded video courses (not live) on ineuron?"
2of2,10,nagesh rajarapu,this concept is same as in java script...thank you for the video sir
2of2,11,Souvik Mukherjee,"I thought it is a JS video. I played the video and started watching it, later I found the difference is in the arrow, "" => "" to "" -> "" only, I thought may be a new feature of ES7 or later version. In some time I noticed "" public static void main "" is peeping. All these time I was sleepy and after seeing this I was shocked. Thank you Navin sir, I didn't know even JAVA has these features."
2of2,12,Adel Hatary,Could you please explain ThreadLocal? why we need it and an example with ThreadLocal and without it and I want to see the different
2of2,13,Aniket,"Thanks a lot navin sir for everything,"
2of2,14,Harish Lee,sir please provide core java and advanced with low cost 
2of2,15,Manolis P,"Hi sir, i want to ask if someone buy the Full Stack Java Developer Job Guarantee Live Course can attend the lectures offline? I mean all the lecture will be recorded and available to view the lectures whenever we like or its only live sessions with no recordings available?"
2of2,16,Gang star,sir kindly make video for Stream.iterate
2of2,17,Harsh,love your new setup is awesome.
2of2,18,SID,"Confused with map anonymous function as it takes R, T"
2of2,19,Java_Minds,thank you 
2of2,20,Lalit Choudhary,U r my idol sir
3of1,1,sagar patil,"Thank you so much Krish Naik Sir and Team, you guys are boon to the Data Science Industry, May God Bless You Abundantly forever and Ever "
3of1,2,Kuldeep Chaturvedi,Thank you Krish sir and the entire ineuron team for such a platform that will help a lot of us who were unable to learn new things just because of poor systems. Thank you once again really excited to test the lab.
3of1,3,SAEED SHAIKH,I'm super happy sir that it is going to launched I'm a FSDS 2.0 batch student and it will be really helpfull for all of us now to learn all the software without worrying about the specifications of our laptop.. Thank you soo much ineuron team to make this happen.
3of1,4,K Subramanyeshwara,You guys are doing so much for community.
3of1,5,MSD,Thank You sir.. Feeling proud that i am a student of FSDS 2.0 batch of INeuron ️️
3of1,6,raman chhabra,"Sure boss , we will initiate the DDOS attack at 6 pm today."
3of1,7,Shankar Prabhu R,"Hi bro , i am excited to see your platform at 6 pm Advance happy diwali to your team  I have a doubt "" I have data set in that unique id( customer id) are missing in the middle of the column .. My what I want to do? I asked professor of my college they said  to delete the column, is it right  Help me in this...."
3of1,8,NARUTO YT,"Finally this day has come, i will wait till 6 o'clock ."
3of1,9,Jaspreet Singh,Thanks You Sir 
3of1,10,SAEED SHAIKH,"Sir what about neurolabs of ineuron platform like Hadoop, my sql, Cassandra and many more"
3of1,11,Code Bond,Can We do aws applications like sagemaker or azure ml?
3of1,12,Learner,"it's a precious diwali gift,I will share it with my friends Krish khushi se dance krne ka mn kr rha hai-> krlun kya"
3of1,13,SRI HARI B,"Brother, Are you teaching machine learning course?"
3of1,14,Akshay A,"Sure sir ,sure️"
3of1,15,Chitti Sai,I'm Joining evening
3of1,16,koti. katipamu,Sure we are ready
3of1,17,__________________________________________________,okay sir
3of1,18,Tanmay Chakraborty,Chalo aj Mera project test karunga
3of2,1,Krish Naik,"Join our discord channel to celebrate :) https://discord.gg/wgrEJtwabt"
3of2,2,Random Guy,"That's a big thing, that includes whisper, stable diffusion, dalle, GPT .. I wish ineuron also come up something with huggingface. Best wishes for ineuron. ️"
3of2,3,FILM PICK,"That's a huge leap on ml industry,i hope lots of blackbox senario becomes whitebox in upcoming days"
3of2,4,Geeky Programmer,Woooaw!! Using Hugging Face in my workplace and Sklearn my starting point. This is so great!!
3of2,5,Adwait Sawant,Just started learning about these two. Coincidentally they are merging. Hyped!
3of2,6,Gadicherla Padmasri,"Thanks a lot krish, I am very much excited to see its usage in use cases"
3of2,7,Hobbesian Thinker,I'm mastering NLP and this is just God sent.
3of2,8,Arslan Ali,I wonder if Scikit-learn introduces DL through HuggingFace integration.
3of2,9,shripad sandupatla,It's amazing... That's shows on you face also sir.. You smiling different in this video.. 
3of2,10,Abinanthan K,Now sklearn also has pretrained models.... That's awesome
3of2,11,Pankaj ray,Waiting to see the results
3of2,12,abdellah moadine,"in this case, who's Karan and who's Arjun?? Lol"
3of2,13,Amit Modi,The title is super awesome ..
3of2,14,Rahul,"Sir, When will diwali surprise come ! New ineuron ui ?"
3of2,15,Gudia Toka,Sir... Are u from odisha?
3of2,16,ig_mukesh,Superb
3of2,17,Ravi V,
3of2,18,Ri Yaz,Very very happy..
3of2,19,Ding Ding,is it skykit / psykit or saikit learn?
3of2,20,Gudia Toka,First like first comment
