youtuber_id,channel_name,subscribers,channel_url,instagram,facebook,linkedin,twitter
1,CodeWithHarry,3370000,https://www.youtube.com/c/CodeWithHarry,https://www.instagram.com/codewithharry,https://www.facebook.com/CodeWithHarry,NaN,NaN
2,Krish Naik,668000,https://www.youtube.com/user/krishnaik06,https://www.instagram.com/krishnaik06,NaN,https://in.linkedin.com/in/naikkrish,https://twitter.com/Krishnaik06
3,Telusko,1830000,https://www.youtube.com/c/Telusko,https://www.instagram.com/navinreddyofficial,https://www.facebook.com/teluskolearnings/,NaN,NaN
4,Hitesh Choudhary,742000,https://www.youtube.com/c/HiteshChoudharydotcom,https://instagram.com/hiteshchoudharyofficial,https://fb.com/hiteshchoudharypage,NaN,NaN
5,MySirG.com,797000,https://www.youtube.com/user/saurabhexponent1,https://www.instagram.com/mysirg/,https://www.facebook.com/mysirg/,NaN,https://twitter.com/sshukla_manit
